{"cameraMode":{"drawMode":0,"name":"Shaded","section":"Shading Mode"},"sceneLighting":true,"audioPlay":false,"sceneViewState":{"showFog":true,"showMaterialUpdate":true,"showSkybox":true,"showFlares":true,"showImageEffects":true,"showParticleSystems":true},"in2DMode":false,"pivot":{"x":435.5711669921875,"y":686.7777709960938,"z":241.36708068847657},"rotation":{"x":-0.15053042769432069,"y":-0.21408087015151978,"z":0.03340871259570122,"w":-0.9645761251449585},"size":751.1448974609375,"orthographic":false}